2026-09-20-10-46-49.fit***#exceed***Albstadt-Marathon 2026***87,29***2020***04:53:21***17,9
2026-09-17-15-36-02.fit***#terra***GravelExcellence-R***42,02***974***02:04:51***20,2***FALSE
2026-09-10-15-07-36.fit***#terra***#Albschotter L3n4-Gedächtnis-Runde***60,07***1411***03:08:31***19,1***FALSE
2026-08-29-09-59-00.fit***#terra***Burg Hohenzollern***88,01***1226***03:48:34***23,1***FALSE
2026-08-23-14-28-24.fit***#terra***Regeneration Sonntag***24,42***174***00:57:42***25,4***FALSE
2026-08-22-09-18-40.fit***#exceed***KINZIGTAL GRAVEL RIDE 2026***91,31***2183***04:50:31***18,9***TRUE
2026-08-20-17-32-04.fit***#terra***Regeneration (Wutanfall-R4mOn4)***23,8***421***01:07:13***21,2***FALSE
2026-08-16-09-29-16.fit***#exceed***#Albschotter Neuffen--LenningerTal--Breitenstein 2k***86,12***2034***04:43:23***18,2***FALSE
2026-08-10-17-42-39.fit***#exceed***Abendrunde Achalm***27,04***678***01:32:14***17,6***FALSE
2026-08-07-15-50-51.fit***#terra***Freitagnachmittags-Sommer-Gravel***50,82***1026***02:26:04***20,9***FALSE
2026-08-04-18-28-00.fit***#terra***GravelExcellence Abendrunde***42,44***928***02:13:28***19,1***FALSE
2026-07-26-14-24-00.fit***#exceed***Hausrunde Bianca Legnini***20,39***313***01:29:57***13,6***FALSE
2026-07-25-07-00-00.fit***#terra***#Albschotter L3n4-Ramona-Mannheim Platten***61,01***1401***03:08:32***19,4***FALSE
2026-07-21-16-39-28.fit***#terra***40 für Juli-200 Kunstmühlefels***40,2***521***01:51:43***21,6***FALSE
2026-07-20-16-46-27.fit***#terra***RegenerationSchlafmangel***23,51***352***00:58:20***24,2***FALSE
2026-07-18-08-46-13.fit***#terra***Metzingen Standard***25,73***506***01:05:33***23,5***FALSE
2026-07-12-16-50-30.fit***#exceed***Sonntagabendrunde 20Uhr #exceed***52,91***1266***02:59:20***17,7***FALSE
2026-07-11-10-54-05.fit***#terra***GravelExcellence***43,8***1013***02:19:25***18,8***FALSE
2026-07-11-10-35-44.fit***#terra***GravelExcellence Anfahrt/Irrfahrt***5,91***98***00:17:31***20,2***FALSE
2026-07-07-16-42-22.fit***#terra***Metzingen--Tübingen--Metzingen***43,85***212***01:35:35***27,5***FALSE
2026-07-05-15-25-07.fit***#terra***Regenfahrt Neuffen Video-SCHIENBEINBLUTSTURZ***26,76***524***01:24:45***18,9***FALSE
2026-06-21-07-56-12.fit***#exceed***Sommermorgenrunde 35°C***53,18***1202***02:48:58***18,9***FALSE
2026-06-14-13-58-37.fit***#exceed***#Albschotter Exceed 60km-1400hm***60,27***1424***03:04:02***19,6***FALSE
2026-06-08-15-15-40.fit***#terra***GravelExcellence***39,76***912***02:00:51***19,7***FALSE
2026-06-07-11-05-14.fit***#terra***Joggen m. Ramoni --Rückfahrt***6,38***60***00:16:37***23,1***FALSE
2026-06-07-07-50-41.fit***#terra***Joggen m. Ramoni --Joggen***17,03***106***01:42:42***10***FALSE
2026-06-07-07-22-12.fit***#terra***Joggen m. Ramoni --Hinfahrt***6,35***50***00:17:09***22,2***FALSE
2026-06-01-14-43-55.fit***#exceed***Kunstmühlefels +Trails +JPG***41,18***540***01:48:40***22,7***FALSE
2026-05-30-06-54-47.fit***#exceed***DAV Bad Urach--Münsingen--Lautertal--Obermarchtal #XCM 120km***127,01***1350***06:25:35***19,8***FALSE
2026-05-27-08-51-17.fit***#exceed***ACHALM--Floriansberg-Hofbühl 1k***39,37***1003***02:10:14***18,1***FALSE
2026-05-24-14-24-22.fit***#exceed***Sommer30Grad <Abbruch>***20,34***423***01:04:04***19,1***FALSE
2026-05-21-14-39-53.fit***#terra***EndlichSommerYeah #SchwalbeG-OneR***54,19***1301***02:57:38***18,3***FALSE
2026-05-17-15-19-14.fit***#terra***AroundHome 1.2k***50,6***1226***02:31:16***20,1***FALSE
2026-05-14-14-47-10.fit***#terra***Standard v3.0***33,25***815***01:39:30***20,1***FALSE
2026-05-09-16-46-25.fit***#terra***nixMotivation <Abbruch>***7,16***106***00:22:26***19,1***FALSE
2026-05-03-14-50-48.fit***#exceed***ACHALM--Floriansberg-Hofbühl 1k***38,64***1002***02:14:51***17,2***FALSE
2026-05-02-07-26-02.fit***#exceed***Mittelstadt Joggen m. Ramoni 21k+***38,36***333***03:41:59***10,4***FALSE
2026-04-30-16-33-15.fit***#terra***April für 7000hm++***19,81***354***00:57:58***20,5***FALSE
2026-04-28-15-13-13.fit***#terra***April 1200er Asphaltsteigen***42,86***1251***02:22:04***18,1***FALSE
2026-04-23-14-25-38.fit***#terra***April 1000er Olgafels-TerraHolterdipolter***42,25***1012***02:20:28***18***FALSE
2026-04-18-14-23-15.fit***#terra***April Sonne 800er***35,6***813***01:51:29***19,2***FALSE
2026-04-16-14-11-59.fit***#terra***Leinfelden-Echterdingen @SPEICK***55,92***701***02:36:14***21,5***FALSE
2026-04-15-11-46-06.fit***#terra***Nürtingen Rezept@Hoersch***33,91***472***01:30:31***22,5***FALSE
2026-04-09-14-21-12.fit***#terra***April 900er ~reversed~***38,61***972***02:10:13***17,8***FALSE
2026-04-07-14-06-24.fit***#terra***April 900er***38,12***964***02:13:35***17,1***FALSE
2026-04-06-15-27-33.fit***#terra***Metzingen--Bad Urach--Metzingen***24,42***179***00:55:02***26,6***FALSE
2026-04-03-14-34-26.fit***#terra***Diakonie Reutlingen Planie17***23,25***303***01:01:48***22,6***FALSE
2026-03-29-13-14-23.fit***#terra***Metzingen Standard***23,51***541***01:16:25***18,5***FALSE
2026-03-19-14-43-25.fit***#terra***SAISONAUFTAKT 2026 #2***33,46***621***01:43:16***19,4***FALSE
2026-03-18-15-05-09.fit***#terra***SAISONAUFTAKT 2026 #1***21,5***404***01:08:37***18,8***FALSE
2025-10-29-10-17-29.fit***#terra***Metzingen Std + Glems Flugfeld vor WFNFJYYIBH***28,43***743***01:29:25***19,1***FALSE
2025-10-25-14-18-00.fit***#terra***Metzingen Std + Hülbener Steige***28,14***623***01:26:23***19,6***FALSE
2025-10-18-13-02-05.fit***#terra***Metzingen Standard***23,61***526***01:08:23***20,7***FALSE
2025-10-05-16-10-47.fit***#terra***Metzingen Std + Glems Flugfeld***26,51***711***01:27:46***18,1***FALSE
2025-09-28-15-26-04.fit***#terra***Metzingen Standard***23,74***516***01:08:51***20,7***FALSE
2025-09-15-16-27-51.fit***#terra***Metzingen--Neuffen--Frickenhausen***28,19***422***01:12:53***23,2***FALSE
2025-09-13-15-42-08.fit***#terra***Kappis--Dettingen--Glems***35,72***856***01:51:47***19,2***FALSE
2025-09-06-13-56-06.fit***#terra***Gravel/Offroad-Radfahren***20,17***479***01:05:56***18,4***FALSE
2025-08-26-19-56-37.fit***#terra***Burger-Essen Dede Neckartenzlingen RÜCK***8,3***61***00:21:46***22,9
2025-08-26-17-53-25.fit***#terra***Burger-Essen Dede Neckartenzlingen HIN***8,15***3***00:19:59***24,5
2025-08-23-12-32-39.fit***#terra***DettingerSteige-FlugfeldGlems 1k ext.***41,1***1059***02:02:46***20,1***FALSE
2025-08-17-16-21-09.fit***#terra***Mtzng-Mittelstadt-Mtzng Postkarte Ramona***12,26***106***00:27:22***26,9***FALSE
2025-08-16-09-43-17.fit***#terra***Sommerrunde Alb/Bäcker***54,8***763***02:12:29***24,8***FALSE
2025-08-12-16-43-27.fit***#terra***Feierabendrunde***36,11***710***01:43:08***21***FALSE
2025-08-07-16-24-57.fit***#terra***Feierabendrunde 1k***38,29***1006***01:58:29***19,4***FALSE
2025-08-04-16-28-36.fit***#terra***Feierabendrunde***33,46***751***01:40:58***19,9***FALSE
2025-07-31-17-40-00.fit***#terra***Feierabendrunde***25,84***567***01:13:36***21,1***FALSE
2025-07-19-10-30-06.fit***#terra***DettingerSteige-FlugfeldGlems rev***38,61***1006***02:01:40***19***FALSE
2025-07-15-17-09-34.fit***#terra***Abendrunde Hülben***27,09***560***01:13:17***22,2***FALSE
2025-07-06-14-28-40.fit***#terra***DepressionHerzFUCKOFF-2***51,45***1118***02:34:15***20***FALSE
2025-07-05-11-54-03.fit***#terra***DepressionHerzFUCKOFF-1***38,34***754***01:59:35***19,2***FALSE
2025-06-29-08-25-21.fit***#terra***Juni für Auszeichnungen 400km/20h***38,16***183***01:54:50***19,9***FALSE
2025-06-28-08-48-10.fit***#terra***Münsingen--Ulm Dede***57,67***309***02:52:58***20***FALSE
2025-06-27-08-55-16.fit***#terra***Juni für 7100hm***43,2***928***02:10:03***19,9***FALSE
2025-06-26-11-24-04.fit***#terra***Juni für 7100hm***55,46***1008***02:32:44***21,8***FALSE
2025-06-21-07-44-03.fit***#terra***Regeneration***15,69***261***00:46:14***20,4***FALSE
2025-06-16-16-30-43.fit***#terra***DettingerSteige-FlugfeldGlems***38,18***1002***01:56:52***19,6***FALSE
2025-06-14-08-47-07.fit***#terra***DettingerSteige-FlugfeldGlems ext***42,15***1060***02:07:53***19,8***FALSE
2025-06-11-14-38-24.fit***#terra***nachUrlaubHandyRamonaOrbea1k-Runde***45,82***1124***02:35:12***17,7***FALSE
2025-06-01-09-07-18.fit***#exceed***Juni-Auftakt Marathon.light***64,31***1529***03:17:42***19,5***FALSE
2025-05-27-16-57-42.fit***#terra***Abendrunde easy***28,05***270***01:05:23***25,7***FALSE
2025-05-26-16-12-43.fit***#terra***Abendrunde extended***27,41***662***01:25:23***19,3***FALSE
2025-05-20-16-02-50.fit***#terra***DettingerSteige-FlugfeldGlems***38,61***1027***01:58:46***19,5***FALSE
2025-05-18-10-06-27.fit***#terra***Waldenbucher Gravel***66,25***1053***03:02:39***21,8***FALSE
2025-05-17-09-43-31.fit***#terra***DettingerSteige-FlugfeldGlems***38,62***1050***02:01:36***19,1***FALSE
2025-05-11-15-41-34.fit***#terra***Katerrunde nach Frankfurt/Main***16,74***326***00:50:09***20***FALSE
2025-05-02-10-38-07.fit***#exceed***2. Mai August-2024-Vibes***55,1***1425***02:58:04***18,6***FALSE
2025-05-01-12-20-44.fit***#terra***1. Mai Schlafmangelrunde***19,35***423***00:59:04***19,7***FALSE
2025-04-28-16-27-11.fit***#terra***Feierabendrunde Terra-Terrain***27,15***473***01:19:45***20,4***FALSE
2025-04-22-16-43-25.fit***#terra***Metzingen Flugfeld n=2***36,04***927***01:50:51***19,5***FALSE
2025-04-19-11-00-56.fit***#terra***April Sommerrunde v3***54,77***1064***02:30:49***21,8***FALSE
2025-04-12-13-20-13.fit***#terra***April Sommerrunde v2***51,17***1211***02:40:34***19,1***FALSE
2025-04-08-16-38-09.fit***#terra***Feierabendrunde***39,3***545***01:39:29***23,7***FALSE
2025-04-05-14-31-38.fit***#exceed***April Sommerrunde v1***57,28***1322***02:56:47***19,4***FALSE
2025-04-01-15-57-57.fit***#terra***April Auftakt Abendrunde***32,59***823***01:42:05***19,2***FALSE
2025-03-25-16-48-37.fit***#terra***Metzingen Cyclocross***31,62***673***01:37:03***19,5***FALSE
2025-03-21-14-16-36.fit***#exceed***Metzingen Mountainbiken***24,71***528***01:13:33***20,2***FALSE
2025-03-18-16-42-47.fit***#terra***Metzingen Cyclocross***22,25***450***01:09:04***19,3***FALSE
2025-03-09-13-05-24.fit***#terra***März-Frühjahrs-Sonnenrunde***44,23***1109***02:23:26***18,5***FALSE
2025-03-07-15-14-32.fit***#terra***Metzingen Standard***24,36***516***01:14:08***19,7***FALSE
2025-03-03-16-29-40.fit***#terra***Metzingen***30,14***725***01:33:08***19,4***FALSE
2025-02-27-15-53-10.fit***#terra***Metzingen Standard***25,1***550***01:15:43***19,9***FALSE
2025-02-21-14-55-12.fit***#terra***Metzingen Standard***24,19***520***01:11:17***20,4***FALSE
2025-02-18-14-55-29.fit***#terra***ORBEA TERRA H30X1***29,76***413***01:18:48***22,7***FALSE
2025-01-26-14-07-14.fit***#terra***ORBEA TERRA H30X1***36,32***631***01:38:20***22,2***FALSE
2025-01-19-10-40-12.fit***#terra***ORBEA TERRA H30X1***33,32***840***01:42:38***19,5***FALSE
2025-01-12-14-04-11.fit***#exceed***Sonntag-Winterrunde***28,13***758***01:32:10***18,3***FALSE
2025-01-04-14-24-33.fit***#c62o***Cube Nuroad C:62One***46,45***210***01:43:41***26,9***FALSE
2025-01-01-13-46-45.fit***#c62o***Cube Nuroad C:62One***41,17***1129***02:14:50***18,3***FALSE
2024-12-29-13-02-18.fit***#c62o***Cube Nuroad C:62One***57,91***1036***02:44:57***21,1***FALSE
2024-12-26-14-24-23.fit***#c62o***Cube Nuroad C:62One***22,88***524***01:08:47***20***FALSE
2024-12-23-14-00-35.fit***#c62o***Cube Nuroad C:62One***35,02***629***01:41:35***20,7***FALSE
2024-12-19-13-05-15.fit***#c62o***Cube Nuroad C:62One***40,74***854***01:59:35***20,4***FALSE
2024-12-16-17-52-09.fit***#c62o***Cube Nuroad C:62One***23,33***507***01:12:24***19,3***FALSE
2024-12-14-10-42-54.fit***#c62o***Cube Nuroad C:62One***25,5***252***01:05:52***23,2***FALSE
2024-11-28-17-07-36.fit***#slx99***GRAND CANYON AL SLX 9.9 !RAHMENBRUCH!***22,22***370***01:10:10***19***FALSE
2024-11-23-14-59-10.fit***#slx99***Gravel/MTB Winterrunde EndeNovember***36,46***965***02:07:17***17,2***FALSE
2024-11-18-16-29-36.fit***#slx99***Gravel/MTB***25,5***605***01:26:11***17,8***FALSE
2024-11-16-14-29-36.fit***#slx99***Gravel/MTB***22,3***461***01:14:44***17,9***FALSE
2024-10-28-13-28-43.fit***#slx99***Gravel/MTB Herbstrunde EndeOktober***41,02***873***02:13:42***18,4***FALSE
2024-10-26-14-53-31.fit***#slx99***Gravel/MTB***25,05***561***01:17:41***19,3***FALSE
2024-10-20-15-28-36.fit***#slx99***Gravel/MTB***25,2***517***01:16:37***19,7***FALSE
2024-10-06-14-18-30.fit***#slx99***Gravel/MTB***28,98***647***01:30:42***19,2***FALSE
2024-10-03-15-33-39.fit***#slx99***Gravel/MTB***25,33***183***01:04:24***23,6***FALSE
2024-09-24-16-37-35.fit***#slx99***Gravel/MTB***23,63***516***01:08:19***20,8***FALSE
2024-09-20-14-32-50.fit***#exceed***MetzingenTübingenMetzingen***48,29***266***01:46:59***27,1***FALSE
2024-09-14-12-25-41.fit***#exceed***Metzingen #Regeneration***20,73***427***00:59:03***21,1***FALSE
2024-09-01-09-08-48.fit***#exceed***#Albschotter Sägezahnblatt***82,42***1712***04:14:05***19,5***FALSE
2024-08-23-09-56-50.fit***#exceed***#Albschotter Breitensteiner***74,39***1723***04:04:30***18,3***FALSE
2024-08-22-10-32-02.fit***#exceed***#Albschotter Plattenrunde v2***77,09***1541***03:41:53***20,8***FALSE
2024-08-18-11-28-34.fit***#exceed***#Albasphalt RegenRegenRegen100%***79,2***1421***03:41:51***21,4***TRUE
2024-08-17-09-29-08.fit***#exceed***Metzingen #Regeneration***25,75***552***01:25:41***18***FALSE
2024-08-10-11-24-25.fit***#exceed***#Albschotter Speichenwirbel***69,22***1310***03:37:42***19,1***FALSE
2024-08-07-11-08-12.fit***#exceed***#Albschotter Waldenbucher Gravel***65,67***1009***03:05:10***21,3***FALSE
2024-08-05-17-15-11.fit***#exceed***Metzingen #AWR***24,03***513***01:09:38***20,7***FALSE
2024-07-28-16-57-34.fit***#exceed***Metzingen #Regeneration Sonntag***20,91***467***01:13:05***17,2***FALSE
2024-07-26-21-07-31.fit***#exceed***Neuffen StreichenKleben EVA-MARIA***8,28***96***00:22:26***22,1***FALSE
2024-07-26-13-08-18.fit***#exceed***Neuffen StreichenKleben EVA-MARIA***8,11***146***00:23:57***20,3***FALSE
2024-07-25-21-21-46.fit***#exceed***Neuffen StreichenKleben EVA-MARIA***8,37***101***00:20:58***24***FALSE
2024-07-25-16-24-19.fit***#exceed***Neuffen StreichenKleben EVA-MARIA***7,97***152***00:23:17***20,5***FALSE
2024-07-22-16-25-11.fit***#exceed***Dischingen >> Ulm***66,94***140***02:41:43***24,8***FALSE
2024-07-21-12-44-33.fit***#exceed***Dischingen Ostalbschotter***83,37***1428***03:54:01***21,4***TRUE
2024-07-18-12-36-06.fit***#exceed***Bad Urach >> Dischingen***97,69***1279***04:33:18***21,4***TRUE
2024-07-14-11-09-11.fit***#exceed***Rutschenfelsen >> Upfingen #Plattenrunde v1***32,47***818***01:52:51***17,3***FALSE
2024-07-13-10-59-00.fit***#exceed***Metzingen #Regeneration***24,77***512***01:21:20***18,3***FALSE
2024-07-09-16-37-07.fit***#exceed***MetzingenTübingenMetzingen***56,06***272***02:05:45***26,7***FALSE
2024-07-07-11-10-58.fit***#exceed***Lautertal >> Münsingen >> Bad Urach***81,1***829***03:19:05***24,4***FALSE
2024-06-29-13-24-59.fit***#exceed***Vaihingen/Enz >> Siebenmühlental >> Metzingen***71,44***981***03:36:26***19,8***FALSE
2024-06-25-14-59-50.fit***#exceed***MetzingenTübingenMetzingen***60,21***321***02:24:20***25***FALSE
2024-06-22-11-03-30.fit***#exceed***NAUDERS Marathon***89,4***2310***05:19:19***16,8***TRUE
2024-06-21-14-18-37.fit***#exceed***NAUDERS #Regeneration***24,14***643***01:29:32***16,2***FALSE
2024-06-20-11-36-55.fit***#exceed***NAUDERS Kaunertaler Gletscherstraße***80,07***1962***04:05:25***19,6***TRUE
2024-06-16-10-07-24.fit***#exceed***Metzingen Flugfeld n=2***33,78***862***01:50:13***18,4***FALSE
2024-06-11-16-59-26.fit***#exceed***Metzingen #Regeneration***27,21***557***01:24:21***19,4***FALSE
2024-06-08-13-58-17.fit***#exceed***Metzingen Flugfeld n=5***70,21***2032***04:00:46***17,5***TRUE
2024-06-04-17-00-22.fit***#exceed***Metzingen Flugfeld n=3***46,98***1344***02:34:39***18,2***FALSE
2024-06-03-16-36-53.fit***#exceed***Metzingen #Regeneration***21,07***406***01:03:16***20***FALSE
2024-05-29-18-55-37.fit***#exceed***CANYON EXCEED CF SLX MVDP***33,8***937***01:56:15***17,4***FALSE
2024-05-26-15-47-16.fit***#exceed***CANYON EXCEED CF SLX MVDP***31,36***140***01:18:18***24***FALSE
2024-05-26-11-36-34.fit***#exceed***CANYON EXCEED CF SLX MVDP***39,86***717***02:16:01***17,6***FALSE
2024-05-20-13-53-55.fit***#slx99***Metzingen***25,7***451***01:29:28***17,2***FALSE
2024-05-12-13-15-15.fit***#slx99***Metzingen Mai 1200hm***47,77***1218***03:01:20***15,8***FALSE
2024-05-10-15-45-14.fit***#slx99***Metzingen***29,79***733***01:42:09***17,5***FALSE
2024-05-09-15-07-13.fit***#slx99***Metzingen***24,2***531***01:22:37***17,6***FALSE
2024-05-04-12-26-06.fit***#slx99***Metzingen***15,6***302***00:58:25***16***FALSE
2024-05-01-13-23-06.fit***#slx99***Metzingen***35,68***821***02:08:29***16,7***FALSE
2024-04-28-11-49-44.fit***#slx99***Metzingen***38,16***783***02:00:38***19***FALSE
2024-04-27-14-20-44.fit***#slx99***Metzingen***40,02***816***02:08:12***18,7***FALSE
2024-04-22-17-08-12.fit***#slx99***Metzingen***26,87***523***01:38:03***16,4***FALSE
2024-04-14-14-00-58.fit***#slx99***Metzingen***34,83***648***02:06:20***16,5***FALSE
2024-04-11-17-22-09.fit***#slx99***Metzingen***24,8***502***01:18:15***19***FALSE
2024-04-07-13-47-21.fit***#slx99***Metzingen***34,93***562***01:46:20***19,7***FALSE
2024-04-06-14-31-08.fit***#slx99***Metzingen >> SchlossLichtenstein***51,23***834***02:29:41***20,5***FALSE
2024-03-31-14-52-26.fit***#slx99***Metzingen Ostersonntag***31,54***755***01:47:47***17,6***FALSE
2024-03-29-14-59-42.fit***#slx99***Metzingen***26,68***535***01:25:10***18,8***FALSE
2024-03-19-16-49-08.fit***#slx99***Metzingen***28,32***523***01:30:25***18,8***FALSE
2024-03-14-17-36-24.fit***#slx99***Metzingen***21,58***372***01:12:16***17,9***FALSE
2024-03-10-11-58-29.fit***#slx99***Metzingen***37,17***842***02:16:23***16,4***FALSE
2024-03-08-15-23-51.fit***#slx99***Metzingen***26,41***576***01:31:43***17,3***FALSE
2024-03-03-13-57-32.fit***#slx99***Metzingen***31***713***01:53:48***16,3***FALSE
2024-03-02-14-56-06.fit***#slx99***Metzingen***21,74***426***01:11:36***18,2***FALSE
2024-02-18-12-59-07.fit***#slx99***Metzingen***27,81***674***01:52:22***14,8***FALSE
2024-02-16-15-09-15.fit***#slx99***Metzingen***28,44***535***01:37:00***17,6***FALSE
2024-02-10-15-19-24.fit***#slx99***Metzingen %Regeneration***25,13***168***01:05:22***23,1***FALSE
2024-02-04-14-03-40.fit***#slx99***Metzingen %Regeneration***25,16***157***01:09:26***21,7***FALSE
2024-01-14-15-05-57.fit***#slx99***Metzingen %Regeneration***16,33***209***00:51:49***18,9***FALSE
2024-01-06-12-29-44.fit***#slx99***Mtz >> Pumpspeicher >> BadUrach***49,2***955***02:42:58***18,1***FALSE
2024-01-01-13-08-51.fit***#slx99***Metzingen NEUJAHR 2024***40,22***976***02:31:27***15,9***FALSE
2023-12-30-11-00-42.fit***#slx99***Metzingen %Regeneration***9,35***195***00:34:57***16***FALSE
2023-12-26-14-05-46.fit***#slx99***Metzingen >> SchlossLichtenstein***51,36***826***02:35:42***19,8***FALSE
2023-12-20-18-27-27.fit***#slx99***Metzingen #AWR***23,05***601***01:26:45***15,9***FALSE
2023-12-18-17-11-36.fit***#slx99***Metzingen #AWR***23,07***504***01:16:58***18***FALSE
2023-12-10-11-09-19.fit***#slx99***Metzingen >> Dettingen >> Neuffen >> Kohlberg***34,26***766***01:57:44***17,5***FALSE
2023-12-03-10-53-57.fit***#slx99***Metzingen SCHNEE***26,63***573***01:48:51***14,7***FALSE
2023-11-26-14-18-31.fit***#slx99***Metzingen >> Dttng >> Glems***23,49***520***01:14:50***18,8***FALSE
2023-11-19-13-17-30.fit***#slx99***Metzingen >> Glems***29,01***621***01:35:10***18,3***FALSE
2023-11-18-14-05-26.fit***#slx99***Metzingen >> Dettingen***20,21***349***01:05:43***18,5***FALSE
2023-10-29-14-11-15.fit***#slx99***Großbettlingen >> BurgTeck >> Kohlberg***42,49***918***02:32:11***16,8***FALSE
2023-10-23-11-54-43.fit***#slx99***Großbettlingen >> Albtrauf >> Neuffen***42,08***1021***02:39:29***15,8***FALSE
2023-10-21-10-16-58.fit***#slx99***Lahr/Schwarzwald***23,92***637***01:34:51***15,1***FALSE
2023-10-15-15-19-20.fit***#slx99***Lahr/Schwarzwald***29,05***639***01:39:30***17,5***FALSE
2023-10-13-12-04-38.fit***#slx99***Lahr/Schwarzwald***53,05***1354***03:27:09***15,4***FALSE
2023-10-10-15-17-42.fit***#slx99***Lahr/Schwarzwald***40,14***974***02:20:32***17,1***FALSE
2023-10-04-14-44-05.fit***#slx99***Lahr/Schwarzwald***33,95***585***01:51:23***18,3***FALSE
2023-09-29-15-01-37.fit***#slx99***Lahr/Schwarzwald***47,74***1155***02:51:26***16,7***FALSE
2023-09-26-15-04-27.fit***#slx99***Lahr/Schwarzwald***40,22***920***02:34:31***15,6***FALSE
2023-09-23-16-16-54.fit***#slx99***Lahr/Schwarzwald***18,41***511***01:04:15***17,2***FALSE
2023-09-20-16-42-38.fit***#slx99***Lahr/Schwarzwald***14,59***273***00:50:24***17,4***FALSE
2023-09-10-10-58-41.fit***#slx99***Lahr/Schwarzwald Marathon***74,25***2105***05:09:01***14,4***TRUE
2023-09-07-11-04-05.fit***#slx99***Lahr/Schwarzwald***45,48***1063***02:51:05***15,9***FALSE
2023-08-31-15-13-06.fit***#slx99***Lahr/Schwarzwald***40,11***1074***02:32:53***15,7***FALSE
2023-08-23-10-46-53.fit***#slx99***Lahr/Schwarzwald***23,52***523***01:31:35***15,4***FALSE
2023-08-17-12-32-59.fit***#slx99***Lahr/Schwarzwald***60,15***1615***03:50:21***15,7***FALSE
2023-08-11-13-19-44.fit***#slx99***Lahr/Schwarzwald***42,65***1048***02:41:40***15,8***FALSE
2023-08-09-10-20-06.fit***#slx99***Lahr/Schwarzwald***37,15***1013***02:18:30***16,1***FALSE
2023-08-05-15-16-11.fit***#slx99***Lahr/Schwarzwald***37,75***833***02:25:18***15,6***FALSE
2023-07-27-15-17-27.fit***#slx99***Lahr/Schwarzwald***40,11***943***02:16:25***17,6***FALSE
2023-07-24-16-43-34.fit***#slx99***Lahr/Schwarzwald***30,04***457***01:45:04***17,2***FALSE
2023-07-22-11-32-19.fit***#slx99***Lahr/Schwarzwald Marathon 1.9k***65,75***1943***04:22:12***15***TRUE
2023-07-21-14-32-35.fit***#slx99***Lahr/Schwarzwald***18,36***331***00:59:57***18,4***FALSE
2023-07-19-11-44-09.fit***#slx99***Lahr/Schwarzwald***41,59***1145***02:51:17***14,6***FALSE
2023-07-16-11-17-48.fit***#slx99***Lahr/Schwarzwald***22,8***702***01:29:20***15,3***FALSE
2023-07-15-09-48-04.fit***#slx99***Lahr/Schwarzwald***19,25***197***01:03:26***18,2***FALSE
2023-07-13-17-51-32.fit***#slx99***Lahr/Schwarzwald***24,08***337***01:21:28***17,7***FALSE
2023-07-07-15-42-31.fit***#slx99***Arbeit_ksw --RÜCK--***16,7***40***00:34:01***29,5***FALSE
2023-07-07-06-12-26.fit***#slx99***Arbeit_ksw --HIN--***16,58***48***00:36:37***27,2***FALSE
2023-07-05-16-17-04.fit***#slx99***Arbeit_ksw --RÜCK--***16,68***48***00:35:39***28,1***FALSE
2023-07-05-06-15-06.fit***#slx99***Arbeit_ksw --HIN--***16,69***49***00:44:10***22,7***FALSE
2023-07-04-16-14-42.fit***#slx99***Arbeit_ksw --RÜCK--***16,72***44***00:36:07***27,8***FALSE
2023-07-04-06-20-06.fit***#slx99***Arbeit_ksw --HIN--***16,73***51***00:39:38***25,3***FALSE
2023-06-28-16-23-59.fit***#slx99***Arbeit_ksw --RÜCK--***16,73***44***00:37:38***26,7***FALSE
2023-06-28-06-03-47.fit***#slx99***Arbeit_ksw --HIN--***16,73***46***00:37:18***26,9***FALSE
2023-06-27-15-48-19.fit***#slx99***Arbeit_ksw --RÜCK--***16,71***48***00:40:17***24,9***FALSE
2023-06-27-06-09-14.fit***#slx99***Arbeit_ksw --HIN--***16,75***52***00:37:33***26,8***FALSE
2023-06-25-17-35-58.fit***#slx99***Arbeit_ksw --RÜCK--***16,69***43***00:37:47***26,5***FALSE
2023-06-25-16-37-11.fit***#slx99***Arbeit_ksw --HIN--***16,67***50***00:36:18***27,6***FALSE
2023-06-14-17-08-05.fit***#slx99***Lahr/Schwarzwald***18,44***536***01:09:30***15,9***FALSE
2023-06-11-16-08-31.fit***#slx99***Lahr/Schwarzwald***30,06***842***01:55:05***15,7***FALSE
2023-06-04-14-06-07.fit***#slx99***Lahr/Schwarzwald***15,5***313***00:58:02***16***FALSE
2023-05-28-12-56-40.fit***#slx99***Dischingen 75/1400***75,06***1452***04:05:32***18,3***TRUE
2023-05-26-14-48-35.fit***#slx99***Tour um Dischingen***31,27***550***01:37:07***19,3***FALSE
2023-05-22-11-32-39.fit***#slx99***Tour um Dischingen***40,31***732***02:20:28***17,2***FALSE
2023-05-20-14-26-34.fit***#slx99***Tour um Dischingen***26,48***512***01:27:55***18,1***FALSE
2023-05-09-16-56-06.fit***#slx99***Tour um Dischingen***39,5***719***01:59:11***19,9***FALSE
2023-05-05-16-49-05.fit***#slx99***Tour um Dischingen***27,53***553***01:38:09***16,8***FALSE
2023-05-03-15-21-08.fit***#slx99***Tour um Dischingen***44,72***737***02:22:04***18,9***FALSE
2023-05-01-15-38-19.fit***#slx99***Tour um Dischingen***43,1***810***02:25:37***17,8***FALSE
2023-04-23-13-11-40.fit***#slx99***Freiburg im Breisgau***18,86***551***01:15:41***15***FALSE
2023-04-22-15-09-30.fit***#slx99***Freiburg im Breisgau***25,28***529***01:25:53***17,7***FALSE
2023-04-22-12-23-34.fit***#slx99***Freiburg im Breisgau***13***438***01:02:02***12,6***FALSE
2023-04-18-14-26-35.fit***#slx99***Dischingen--Ulm***64,36***144***02:30:24***25,7***FALSE
2023-04-13-14-09-24.fit***#slx99***Ulm--Dischingen***65,47***132***02:35:47***25,2***FALSE
2023-04-04-12-50-22.fit***#slx99***Freiburg im Breisgau***42,55***752***02:19:04***18,4***FALSE
2023-03-29-14-49-32.fit***#slx99***Freiburg im Breisgau***50,43***1046***02:38:53***19***FALSE
2023-03-28-14-31-37.fit***#slx99***Freiburg im Breisgau***25,56***326***01:19:54***19,2***FALSE
2023-03-22-11-33-06.fit***#slx99***Freiburg im Breisgau***25,31***732***01:51:38***13,6***FALSE
2023-03-21-14-10-53.fit***#slx99***Freiburg im Breisgau***34,6***817***02:12:46***15,6***FALSE
2023-03-16-10-32-20.fit***#slx99***Freiburg im Breisgau***56,51***1317***03:34:10***15,8***FALSE
2023-03-13-14-08-47.fit***#slx99***Freiburg im Breisgau***36,34***1170***02:45:34***13,2***FALSE
2023-03-12-15-25-31.fit***#slx99***Freiburg im Breisgau***14,88***512***01:10:18***12,7***FALSE
2023-03-10-15-15-56.fit***#slx99***Freiburg im Breisgau***14,93***162***00:51:07***17,5***FALSE
2023-03-09-15-03-11.fit***#slx99***Freiburg im Breisgau***20,15***134***00:52:26***23,1***FALSE
2023-02-25-13-01-01.fit***#slx99***Freiburg im Breisgau***44,46***1278***03:16:01***13,6***FALSE
2023-02-23-17-38-42.fit***#slx99***Freiburg im Breisgau***18,4***468***01:08:24***16,1***FALSE
